{"assets/fonts/Lato-Regular.ttf":["assets/fonts/Lato-Regular.ttf"],"assets/images/login.jpg":["assets/images/login.jpg"],"assets/images/placeholder.jpg":["assets/images/placeholder.jpg"],"assets/langs/de-DE.json":["assets/langs/de-DE.json"],"assets/langs/en-US.json":["assets/langs/en-US.json"],"packages/cupertino_icons/assets/CupertinoIcons.ttf":["packages/cupertino_icons/assets/CupertinoIcons.ttf"],"packages/easy_localization/i18n/ar-DZ.json":["packages/easy_localization/i18n/ar-DZ.json"],"packages/easy_localization/i18n/ar.json":["packages/easy_localization/i18n/ar.json"],"packages/easy_localization/i18n/en-US.json":["packages/easy_localization/i18n/en-US.json"],"packages/easy_localization/i18n/en.json":["packages/easy_localization/i18n/en.json"]}